is_active,Title,Description,Skill_level,Data_type,Languages,Domains,Link_url,Paid,Project
True,Data Structures and Algorithms,Data Structures and Algorithms,BG,TU,Python,Data Structures and Algorithms,http://interactivepython.org/runestone/static/pythonds/index.html,False,False
True,Learn Python the Hard Way,Amazing Book to learn python.It's actually not that hard,BG,OT,Python,,https://learnpythonthehardway.org/book/,True,False
True,Interactive Learning in Python,Language introduction and syntax drilling.,BG,OT,Python,,http://www.codecademy.com/tracks/python,False,False
True,How to think like a Computer Scientist,Understand the basics of programming using Python,BG,TU,Python,,http://interactivepython.org/courselib/static/thinkcspy/toc.html,False,False
True,Learn Python for Data Analysis using Pandas library,,BG,TU,Python,,https://www.datacamp.com/community/tutorials/pandas-tutorial-dataframe-python,False,False
True,Class based Views in Django,Learn how to use Class based views efficiently in Django,IT,BL,Python,Web Development,https://medium.com/@judegyeongbaejung/django-shortcuts-class-based-views-3d9f79afb34f#.6zxe6f51r,False,False
True,Hitchhiker's Guide for Python,Introductory guide to being an Intermediate Pythonista ,IT,TU,Python,,https://python-guide.readthedocs.org/en/latest/,False,False
True,Stack Overflow Top 50,Analyze the question. Understand the answers. Recreate the solution.,IT,OT,Python,,http://stackoverflow.com/questions/tagged/python?sort=votes&pageSize=50,False,False
True,Getting Started with Django Rest Framework,Learn the basics of creating a RESTful service.,IT,TU,Python,Web Development,https://code.tutsplus.com/tutorials/beginners-guide-to-the-django-rest-framework--cms-19786,False,False
True,Multiple Projects across several topics,Beginner to Advanced level Problem Definitions ,IT,OT,Python,,https://github.com/karan/Projects,False,False
True,Python Practice Book,,IT,TU,Python,,http://anandology.com/python-practice-book/,False,False
True,Tidying Python dataset,Learn the different concerns and solutions related to cleaning a Python dataset,IT,BL,Python,Data Science,http://www.jeannicholashould.com/tidy-data-in-python.html,False,False
True,Python for Data Analytics,Learn data analytics methodologies using this Coursera specialization track.,IT,CO,Python,Data Science,https://www.coursera.org/learn/python-data-analysis/,False,False
True,How to Consume REST APIs with Django & Python Requests,,IT,BL,Python,Web Development,https://ultimatedjango.com/blog/how-to-consume-rest-apis-with-django-python-reques/,False,False
True,Using Ajax calls with Django forms,Learn how to use the csrf tokenization along with Ajax server calls and Django web framework,IT,BL,"Python,HTML,Javascript",Web Development,https://impythonist.wordpress.com/2015/06/16/django-with-ajax-a-modern-client-server-communication-practise,False,False
True,Python Social Auth,Learn how to Integrate Oauth2 into Django Rest Framework using Python Social Auth ,IT,BL,Python,Web Development,https://www.toptal.com/django/integrate-oauth-2-into-django-drf-back-end,False,False
True,Using Sendgrid with Django,,IT,TU,Python,Web Development,https://simpleisbetterthancomplex.com/tutorial/2016/06/13/how-to-send-email.html,False,False
True,Working with Ajax in Django,Learn how to send POST requests using Ajax and Django,IT,TU,"Python,HTML,Javascript",Web Development,https://simpleisbetterthancomplex.com/tutorial/2016/08/29/how-to-work-with-ajax-request-with-django.html,False,False
True,Machine learning in Python with scikit-learn,Learn how to use Python's scikit-learn library to perform effective machine learning,AD,VI,Python,Machine Learning,https://www.youtube.com/playlist?list=PL5-da3qGB5ICeMbQuqbbCOQWcS6OYBr5A,False,False
True,How to get started with Full Stack Python?,The site lists put the best resources for learning Full Stack Web development using Python,AD,OT,Python,Web Development,http://www.fullstackpython.com/,False,True
True,Getting started with Django!,Learn the most Python popular web framework,IT,TU,Python,Web Development,http://tutorial.djangogirls.org/en/index.html,False,False
True,django-angularjs-tutorial,In this tutorial you will build a simplified Google+ clone called “Not Google Plus” with Django and AngularJS.,AD,TU,"Python,Javascript",Web Development,https://thinkster.io/django-angularjs-tutorial,False,True
True,Setting up a complex Django project,"The author explains the ideal way to setup a Django project. This includes version control, environment specific settings, database installation and setup, deployment ",IT,TU,Python,Web Development,http://www.marinamele.com/taskbuster-django-tutorial,False,False
True,Adding files using Django,The steps to implement an AJAX multiple file upload with Django using jQuery.,AD,TU,"Python,HTML,jQuery",Web Development,https://simpleisbetterthancomplex.com/tutorial/2016/11/22/django-multiple-file-upload-using-ajax.html,False,False
True,Asynchronous Task setup using Celery and Django,Setting up a distributed task processing system for doing asynchronous processing.,AD,TU,Python,Web Development,http://bookofstranger.com/asynchronous-tasks-using-django-celery-and-rabbitmq/,False,False
True,"Learn Django, Django REST framework and Angular JS integration",Creating a sample project that exposes a ReST API consumed by AngularJS on the client to showcase how to combine the frontend and backend frameworks to simplify creating complex applications.,AD,BL,"Python,HTML,Javascript",Web Development,http://blog.kevinastone.com/getting-started-with-django-rest-framework-and-angularjs.html,False,False
True,Uploading files using Django REST framework,Use Django REST framework to upload documents and images.,AD,BL,Python,Web Development,https://medium.com/@jxstanford/django-rest-framework-file-upload-e4bc8de669c0#.qnansfdse,False,False
True,Testing Django Signals,Learn how to test django signals,AD,TU,Python,Web Development,https://medium.freecodecamp.com/how-to-testing-django-signals-like-a-pro-c7ed74279311#.n5anplyc4,False,False
True,Using select_related and prefetch_related in Django,,AD,BL,Python,Web Development,http://www.davidgrant.ca/djangos_select_related_and_prefetch_related,False,False
True,How Django select_related and prefetch_related work,,AD,OT,Python,Web Development,https://stackoverflow.com/a/31237071,False,False
True,Django ORM optimizations,,AD,BL,Python,Web Development,http://scottlobdell.me/2015/01/sql-database-best-practices-django-orm/,False,False
True,Scaling Django,,AD,BL,Python,Web Development,https://www.scribd.com/doc/54883641/Scaling-Django-Apps-With-Amazon-AWS,False,False
True,Javascript is super easy (and fun)!,Learn the basics and fundamentals of Javascript,BG,VI,Javascript,,https://www.youtube.com/watch?v=zf_cb_Nw5zY,False,False
True,Javascript Codecademy,,BG,OT,Javascript,,https://www.codecademy.com/learn/javascript,False,False
True,Javascript from scratch,Learn Javascript from scratch through this amazing tutorial,BG,TU,Javascript,,https://developer.mozilla.org/en-US/Learn/JavaScript,False,False
True,jQuery is like Javascript with superpowers,,BG,VI,"Javascript,jQuery",,https://www.youtube.com/playlist?list=PLoYCgNOIyGABdI2V8I_SWo22tFpgh2s6_,False,False
True,Javascript Concepts: Beginner to Intermediate Level ,,BG,VI,Javascript,,https://www.youtube.com/playlist?list=PLoYCgNOIyGACnrXwo5HMCfOH9VT05znGv,False,False
True,Stack Overflow Top 50,Analyze the question. Understand the answers. Recreate the solution.,IT,OT,Javascript,,http://stackoverflow.com/questions/tagged/javascript?sort=votes&pageSize=50,False,False
True,Object Oriented Javascript,,IT,VI,Javascript,,https://www.youtube.com/watch?v=O8wwnhdkPE4,False,False
True,Ultimate guide to learning AngularJS,"Angular is a client-side MVC/MVVM framework built in JavaScript, essential for modern single page web applications (and even websites).",IT,TU,Javascript,Web development,https://toddmotto.com/ultimate-guide-to-learning-angular-js-in-one-day/,False,False
True,How to Deploy Your Slack Bots to Heroku,How to create and deploy a Slack bot that will respond to /slash commands in order to show the top trending repos in GitHub.,IT,TU,Javascript,Web Development,https://blog.heroku.com/how-to-deploy-your-slack-bots-to-heroku,False,False
True,Creating a Chrome extension,"In this blog post, we will look at how to build a chrome extension that can work with multiple online services.",IT,BL,Javascript,Web Development,http://agiliq.com/blog/2015/03/building-chrome-extensions/,False,False
True,Revisit basics and master complex topics,,IT,OT,Javascript,,http://eloquentjavascript.net/,False,False
True,Dive into Node.js,,AD,VI,Javascript,Web  Development,https://www.youtube.com/playlist?list=PLoYCgNOIyGAACzU6GliHJDp4kmOw3NFsh,False,False
True,D3 tutorials,,AD,TU,"HTML,Javascript",Web  Development,http://alignedleft.com/tutorials/d3,False,False
True,Getting started with AngularJS,AngularJS is a Javascript framework created by Google that allows developers to build fully fledged single page web apps (SPAs). ,AD,CO,"HTML,Javascript,Python",Web  Development,https://thinkster.io/topics/angular,False,False
True,Become a MEAN Developer!,,AD,VI,Javascript,Web  Development,https://www.youtube.com/playlist?list=PLoYCgNOIyGAApoDfJHjmMgGNlYenKg5jO,False,False
True,Material Designfor Bootstrap,,BG,TU,"HTML,CSS",Web  Development,http://fezvrasta.github.io/bootstrap-material-design/,False,False
True,Bootstrap Material Accordian,,BG,OT,"HTML,CSS",Web  Development,http://www.materialup.com/posts/material-design-accordion-bootstrap-v3,False,False
True,Codecademy,Learn the basis of HTML through Interactive Learning,BG,OT,HTML,Web  Development,https://www.codecademy.com/learn/web,False,False
True,Become a Bootstrap Boss,Learn Bootstrap from scratch from this amazing resource,BG,VI,"HTML,CSS",Web  Development,https://www.youtube.com/playlist?list=PLvAAZChoagM3Ch63apDSE6Ra6NeI62sQV,False,False
True,Stack Overflow Top 50,,IT,OT,HTML,Web  Development,http://stackoverflow.com/questions/tagged/html?sort=votes&pageSize=50,False,False
True,Basics of SQL,"Learn SQL from the very basics level. SQL is database system (Oracle, SQLite, MySQL) independent.",BG,TU,SQL,Databases,http://www.w3schools.com/sql/,False,False
True,What are ACID properties,"ACID (Atomicity, Consistency, Isolation, Durability) is a set of properties of database transactions intended to guarantee validity even in the event of errors, power failures, etc.",BG,BL,,Databases,https://en.wikipedia.org/wiki/ACID,False,False
True,Solve problems using SQL,,BG,TU,SQL,Databases,http://sqlzoo.net/,False,False
True,Understanding SQL And NoSQL Databases,,BG,BL,,Databases,https://www.digitalocean.com/community/tutorials/understanding-sql-and-nosql-databases-and-different-database-models,False,False
True,Stack Overflow Top 50,Analyze the question. Understand the answers. Recreate the solution.,IT,OT,SQL,Databases,http://stackoverflow.com/questions/tagged/sql?sort=votes&pageSize=50,False,False
True,What are these Keys?,Understand the 'key' concepts at a granular level.,IT,BL,,Databases,http://www.programmerinterview.com/index.php/database-sql/differences-between-primary-and-foreign-keys/,False,False
True,Database Schema Design,Learn to you design a normalized database schema.,IT,BL,,Databases,http://www.ntu.edu.sg/home/ehchua/programming/sql/Relational_Database_Design.html,False,False
True,Interview Questions,Understand each answer on a conceptual level and try out practically as much as possible.,AD,BL,SQL,Databases,http://www.programmerinterview.com/index.php/database-sql/introduction/,False,False
True,Business Logic,,AD,OT,,Databases,http://dba.stackexchange.com/questions/2450/what-are-the-arguments-against-or-for-putting-application-logic-in-the-database,False,False
True,Growing up with MySQL,,AD,BL,SQL,Databases,https://nylas.com/blog/growing-up-with-mysql/,False,False
True,SQL Cheat Sheet,,AD,OT,SQL,Databases,http://files.zeroturnaround.com/pdf/zt_sql_cheat_sheet.pdf,False,False
True,Learn CPP,Advance your skills in C.Get Started With C++ from Scratch,BG,TU,C++,,http://www.cplusplus.com/doc/tutorial/,False,False
True,Indepth C++,,BG,TU,C++,,http://www.cplusplus.com/doc/,False,False
True,Android on Wiki,,BG,BL,,App Development,https://en.wikipedia.org/wiki/Android_%28operating_system%29,False,False
True, Android Fundamentals,Learn the fundamentals of Android to get started with Android Development,BG,BL,,App Development,http://developer.android.com/guide/components/fundamentals.html,False,False
True,Android Training,,BG,BL,,App Development,http://developer.android.com/training/index.html,False,False
True,Stack Overflow Top 50,,IT,OT,,App Development,http://stackoverflow.com/questions/tagged/android?sort=votes&pageSize=50,False,False
True,Android Development Tutorial,Android Development from Scratch.Go from Beginner to Advanced,IT,TU,,App Development,http://tutorials.jenkov.com/android/index.html,False,False
True,Android Tutorials- Tutorials Point,,IT,TU,,App Development,http://www.tutorialspoint.com/android/,False,False
True,Mkyoung- Android Tutorials,,IT,TU,,App Development,http://www.mkyong.com/tutorials/android-tutorial/,False,False
True,What is NoSQL?,,BG,VI,,Databases,https://www.youtube.com/watch?v=qUV2j3XBRHc,False,False
True,BEST place to learn MongoDB (get a free certi too ^_^ ),,BG,CO,,Databases,https://university.mongodb.com/,False,False
True,Stack Overflow Top 50,Analyze the question. Understand the answers. Recreate the solution.,IT,OT,,Databases,http://stackoverflow.com/questions/tagged/mongodb?sort=votes&pageSize=50,False,False
True,When to SQL and when to NoSQL?,,AD,BL,,Databases,http://www.sitepoint.com/sql-vs-nosql-differences,False,False
True,"Interactive Data Visualization using D3.js, DC.js, Nodejs and MongoDB",,AD,BL,Javascript,Data Science,https://anmolkoul.wordpress.com/2015/06/05/interactive-data-visualization-using-d3-js-dc-js-nodejs-and-mongodb/,False,False
True,Beginner's guide to R: Introduction,,BG,BL,R,,http://www.computerworld.com/article/2497143/business-intelligence/business-intelligence-beginner-s-guide-to-r-introduction.html#tk.ctw-infsb,False,False
True,Google Developers' Intro to R,Series of tutorials for developers in R,BG,VI,R,,https://www.youtube.com/playlist?list=PLOU2XLYxmsIK9qQfztXeybpHvru-TrqAP,False,False
True,Loading Data and Basic Formatting in R,"It might not be sexy, but you have to load your data and get it in the right format before you can visualize it. Here are the basics, which might be all you need.",BG,TU,R,,http://flowingdata.com/2015/02/18/loading-data-and-basic-formatting-in-r/,False,False
True,Make an Interactive Website,,BG,OT,"HTML,CSS,Javascript",Web Development,https://www.codecademy.com/skills/make-an-interactive-website,False,True
True,The Ultimate Web Development,,BG,VI,"HTML,CSS,PHP,SQL",Web Development,https://www.youtube.com/watch?v=Z077ADD4p3U&list=PLz_6dB4PItBFRZhRS9yvqa2N19zqpieuu,False,True
True,Web Development from Scratch,,BG,TU,"HTML,CSS,Javascript,SQL,MongoDB",Web Development,https://www.freecodecamp.org,False,True
True,Slack Bot With a Django Backend,How to familiarize yourself with building a bot for Slack using Django.,IT,TU,"HTML,Javascript,Python",Web Development,https://chatbotsmagazine.com/slack-bot-with-a-django-backend-101-tutorial-c1aa8ea3f15e,False,True
True,PHP Stock Market Analyzer,,IT,VI,"HTML,CSS,PHP,SQL",Web Development,https://www.youtube.com/watch?v=-hvuXvWfz0U&list=PL3F6711C7BA727A5B&index=1,False,True
True,How to build a M.E.A.N web application,"How to build an AngularJS application that communicates to CRUD complete NodeJS REST server. This is commonly referred to as a M.E.A.N application (MongoDB, ExpressJS, AngularJS, NodeJS).",IT,VI,"HTML,CSS,Javascript,MongoDB",Web Development,https://www.youtube.com/watch?v=OhPFgqHz68o,False,True
True,Scrape Stack Overflow,,IT,TU,"Python,MongoDB",Web Development,https://realpython.com/web-scraping-with-scrapy-and-mongodb/,False,True
True,Sentiment Analysis,,IT,TU,"Python,MongoDB",,http://www.laurentluce.com/posts/twitter-sentiment-analysis-using-python-and-nltk/,False,False
True,How to Build a Responsive Website from start to finish,,IT,VI,"HTMl,CSS",Web Development,https://www.youtube.com/playlist?list=PLqGj3iMvMa4KQZUkRjfwMmTq_f1fbxerI,False,True
True,Create a Slack Bot in Python,,AD,TU,"Python,MongoDB",Web Development,https://www.fullstackpython.com/blog/build-first-slack-bot-python.html,False,True
True,Building Intelligent Telegram Bots With IBM WATSON,,AD,BL,Python,Data Science,https://marionoioso.com/2016/04/24/building-intelligent-telegram-bots-with-ibm-watson/,False,False
True,Create Weather viz using Python,,AD,BL,"Python,SQL",Web Development,https://medium.com/planet-os/querying-and-rendering-weather-data-with-python-72ac1938fc21,False,False
True,Django!,,AD,VI,Python,Web Development,https://www.youtube.com/watch?v=bRnm8f6Wavk,False,True
True,Building a Hacker News clone in Django,,AD,TU,"HTML,CSS,Javascript,Python",Web Development,https://arunrocks.com/building-a-hacker-news-clone-in-django-part-1/,False,True
True,Introduction To Web Development,,BG,VI,"HTML,CSS,PHP,SQL",Web Development,https://www.youtube.com/watch?v=v1otHJGlV5g&list=PLEiPMJpUdbj6a2p9Pt6tBdJhcqmWgX7Oa,False,False
True,Learn C++ from Strach,,BG,VI,C++,,https://www.youtube.com/channel/UCD-scAE4ju78dld1kpcsQfQ,False,False
True,Introduction To Java,,BG,VI,Java,,https://www.youtube.com/watch?v=IsLyduxZ9sc&list=PLX9Zi6XTqOKQ7TdRz0QynGIKuMV9Q2H8E,False,False
True,Python Tutorial by thenewboston,Learn python from scratch through this amazing video lecture from thenewboston,BG,VI,Python,,https://www.youtube.com/watch?v=HBxCHonP6Ro&list=PL6gx4Cwl9DGAcbMi1sH6oAMk4JHw91mC_,False,False
True,Java Tutorial For Beginners,Learn java from scratch through this amazing video lecture from the programmingknowledge,BG,VI,Java,,https://www.youtube.com/watch?v=r59xYe3Vyks&list=PLS1QulWo1RIbfTjQvTdj8Y6yyq4R7g-Al,False,False
True,Java Tutorial for Scratch,,BG,VI,Java,,https://www.youtube.com/watch?v=3u1fu6f8Hto,False,False
True,How to be a Java Programmer,How to be a Good Programmer.Learn Java in Short Duration.For Beginners.,BG,VI,Java ,,https://www.youtube.com/watch?v=WOUpjal8ee4&list=PLsyeobzWxl7oZ-fxDYkOToURHhMuWD1BK,False,False
True,Java Programming by thenewboston,,"IT
",VI,Java,,https://www.youtube.com/watch?v=Hl-zzrqQoSE&list=PLFE2CE09D83EE3E28,False,False
True,Object Orientated Programming Concepts,Dive into the goodies of OOP and Java by learning how to work with a bigger project involving more than 1 class.,IT,VI,Java,,https://www.youtube.com/watch?v=TqUVTEp6Qpg&list=PL7EB0FF7711646514,False,False
True,Blog API with Django Rest Framework,Blog API with Django Rest Framework  is a project to build a RESTful API service for the blog,IT,VI,Python,Web Development,https://www.youtube.com/watch?v=XMu0T6L2KRQ&list=PLEsfXFp6DpzTOcOVdZF-th7BS_GYGguAS&index=1,False,True
True,Blog Using AngularJS,,IT,VI,"HTML,Javascript,Python",Web Development,https://www.youtube.com/watch?v=IPUYEzJitkI&list=PLEsfXFp6DpzRB30gXPSwzAEQfqiUZkRsg,False,True
True,Java Tutorial ,This tutorial has been prepared for the beginners to help them understand the basic to advanced concepts related to Java Programming language.,BG,TU,Java,,https://www.tutorialspoint.com/java/index.htm,False,False
True,Learn Java at Java T Point,,BG,TU,Java,,https://www.javatpoint.com/java-tutorial,False,False
True,Java Tutorials for Complete Beginners,"Learn to program in the Java programming language. This course assumes no prior programming knowledge, just a desire to learn to program.",BG,CO,Java,,https://www.udemy.com/java-tutorial/,False,False
True,Complete Java Masterclass,"Learn to master Java 8 and Java 9 core development step-by-step, and make your first unique, advanced program in 30 days",IT,CO,Java,,https://www.udemy.com/java-the-complete-java-developer-course/,True,False
True,The Complete Java Developer Course,Learn Java like a Professional! Start step by step from basic to build complete games and apps with Java8,IT,CO,Java,,https://www.udemy.com/java-essential-training/,True,True
True,Advanced Java Programming,Take Your Java Programming Skills To The Next Level. Become Proficient In Java Programming,AD,CO,Java,,https://www.udemy.com/advanced-java-programming/,True,False
True,Advanced Java : Take Your Java Skills To The Next Level,"Advanced Java : Reflection, JNI, Annotations, DLS, Multithreading, Lambda Expressions, Exception Handling, Generics",AD,CO,Java,,https://www.udemy.com/advanced-object-oriented-java/,True,False
True,Practice Java by Building Projects,Ultimate Java interview prep course! 100% focused on applying object-oriented design in real-world applications,IT,CO,Java,,https://www.udemy.com/practice-java-by-building-projects/,False,True
True,Object Oriented Programming in Java Specialization,Grow Your Portfolio as a Software Engineer. Learn about Object Oriented Design in four project-based courses.,IT,CO,Java,Data Structures and Algorithm,https://www.coursera.org/specializations/object-oriented-programming,True,False
True,Learn Java through interactive Learning,"In this course you'll be exposed to fundamental programming concepts, including object-oriented programming (OOP) using Java.",BG,OT,Java,,https://www.codecademy.com/learn/learn-java,False,True
True,Learn to Program in Java,,BG,CO,Java,,https://www.edx.org/course/learn-to-program-in-java,False,True
True,Java Programming for Beginners,This free java tutorial is designed for beginners with little or no coding experience.,BG,TU,Java,,https://www.guru99.com/java-tutorial.html,False,False
True,Learn Java Programming with examples,,BG,TU,Java,,https://beginnersbook.com/java-tutorial-for-beginners-with-examples/,False,False
True,Java Tutorial from W3schools,,IT,TU,Java,,https://www.w3schools.in/java-tutorial/,False,False
True,Advance Java Tutorial by javacodegeeks,"This course is designed to help you make the most effective use of Java. It discusses advanced topics, including object creation, concurrency, serialization, reflection and many more. It will guide you through your journey to Java mastery!",AD,TU,Java,,https://www.javacodegeeks.com/2015/09/advanced-java.html,False,False
True,Dive into World of Advance Java,,AD,TU,Java,,https://www.roseindia.net/java/Advanced-Java-Tutorials.shtml,False,False
True,Data Structures in Java,,IT,BL,Java,Data Structures and Algorithm,https://www.javaworld.com/article/3215112/learn-java/java-101-datastructures-and-algorithms-in-java-part-1.html,False,False
True,Intermediate & Advanced Java Programming,Take your Java skills to the next level and start building real applications.,IT,CO,Java,,https://www.udemy.com/intermediate-advanced-java-programming/,True,True
True,1000 Java MCQs for freshers and Experienced,,IT,OT,Java,,https://www.sanfoundry.com/java-questions-answers-freshers-experienced/,False,False
True,Core Java,,AD,BL,Java,,https://www.journaldev.com/7153/core-java-tutorial?utm_source=website&utm_medium=menubar&utm_campaign=Home-Page#core-java-tutorial-8211-object-oriented-concepts,False,False
True,Learn Java by building Projects,Master Java Programming Building Ten Projects,IT,CO,Java,,https://www.udemy.com/learn-java-by-building-projects/,True,True
True,Introduction To C,Learn C programming from scratch and understand the fundamentals of Programming.,BG,VI,C,,https://www.youtube.com/watch?v=Bjzfag1zZPg&list=PLLioQ130_xjVgW5MVfLS1s7zfLFAbGIVs,False,False
True,C Programming Tutorial,,BG,VI,C,,https://www.youtube.com/watch?v=-CpG3oATGIs,False,False
True,Introduction to C Programming Language,,BG,VI,C,,https://www.youtube.com/watch?v=6VT8hDr2GhU&list=PLfVsf4Bjg79CZ5kHTiQHcm-l2q8j06ofd,False,False
True,C Programming Tutorial by thenewboston,,BG,VI,C,,https://www.youtube.com/watch?v=2NWeucMKrLI&list=PL6gx4Cwl9DGAKIXv8Yr6nhGJ9Vlcjyymq,False,False
True,C Tutorial,,BG,TU,C,,https://www.tutorialspoint.com/cprogramming/index.htm,False,False
True,C programming tutorial,"This C programming tutorial is designed for the new learners, students and also for the corporate level developers who want to learn and refresh their C programming skills.",IT,BL,C,,https://fresh2refresh.com/c-programming/,False,False
True,C Tutorial from Cprogramming.com,"Learn C with this popular C tutorial, which will take you from the very basics of C all the way through sophisticated topics like binary trees and data structures.",BG,TU,C,,https://www.cprogramming.com/tutorial/c-tutorial.html,False,False
True,C Tutorial from W3school,,BG,TU,C,,https://www.w3schools.in/c-tutorial/,False,False
True,Advanced C Programming,,AD,CO,C,,https://www.lynda.com/C-tutorials/Further-Topics-C-Programming/195668-2.html,False,False
True,Advanced C and C++ Programming Tutorials,,AD,TU,C,,https://www.cprogramming.com/advtutorial.html,False,False
True,Learn C through Interactive Learning,"Whether you are an experienced programmer or not, this website is intended for everyone who wishes to learn the C programming language.",IT,OT,C,,http://www.learn-c.org/,False,False
True,An Introduction to the C Programming Language and Software Design,,BG,OT,C,,http://www-personal.acfr.usyd.edu.au/tbailey/ctext/ctext.pdf,False,False
True,C Programming For Beginners,C Programming will increase career options. Become a better dev in other languages by learning C.,BG,CO,C,,https://www.udemy.com/c-programming-for-beginners-/,True,False
True,Learn Socket Programming in C from Scratch,Master the socket programming concepts and start building networked applications in C programming language,IT,CO,C,,https://www.udemy.com/learn-socket-programming-in-c-from-scratch/,False,False
True,Advanced C Programming: Pointers,"Master pointers, addresses and memory allocation in C",AD,CO,C,,https://www.udemy.com/advanced-c-programming-pointers/,True,False
True,C++ Programming Video Tutorials for Beginners,,BG,VI,C++,,https://www.youtube.com/watch?v=3fwKlU9AwSY&list=PLfVsf4Bjg79Cu5MYkyJ-u4SyQmMhFeC1C,False,False
True,Introduction to C++,,BG,VI,C++,,https://www.youtube.com/watch?v=Iuo9PpGE04Y&list=PLLYz8uHU480j37APNXBdPz7YzAi4XlQUF,False,False
True,Learn C++ programming,The goal of this course is to provide you with a working knowledge of C++.,BG,VI,C++,,https://www.youtube.com/watch?v=MhYECGUzdA4,False,False
True,Buckys C++ Programming Tutorials,,BG,VI,C++,,https://www.youtube.com/watch?v=tvC1WCdV1XU&list=PLAE85DE8440AA6B83,False,False
True,Advanced C++ Programming,,AD,VI,C++,,https://www.youtube.com/watch?v=tFYRTWFXSgY&list=PLfVsf4Bjg79AxxmZwARAh3J9SHNGarty8,False,False
True,Advanced C++ Concepts,,AD,VI,C++,,https://www.youtube.com/watch?v=7arYbAhu0aw&list=PLE28375D4AC946CC3,False,False
True,Advanced C++/Graphics Tutorial,,AD,VI,C++,,https://www.youtube.com/watch?v=FxCC9Ces1Yg&list=PLSPw4ASQYyymu3PfG9gxywSPghnSMiOAW,False,False
True,Learn Advanced C++ Programming,"Discover intermediate to advanced C++, including C++ 11's fantastic additions to the C++ standard.",IT,CO,C++,,https://www.udemy.com/learn-advanced-c-programming/,True,False
True,Learn C++ by Creating Projects,Learn Programming Basics in C++ with a project based approach,BG,CO,C++,,https://www.udemy.com/learn-to-program-cpp/,False,True
True,Learn to program in C++,Build a complete Tic Tac Toe Game as Windows application with Visual studio 2015 / Visual C++ and Windows API,IT,CO,C++,,https://www.udemy.com/learn-to-program-tic-tac-toe-in-visual-c-on-windows/,False,True
True,C++ Programming for Beginners,,BG,TU,C++,,https://www.geeksforgeeks.org/c-plus-plus/#Arrays%20and%20Strings,False,False
True,The Unreal Engine Developer Course - Learn C++ & Make Games,Learn C++ from scratch. How to make your first video game in Unreal engine. Gain confidence in programming.,IT,CO,C++,App Development,https://www.udemy.com/unrealcourse/,True,True
True,Learn C++ Programming with examples,"To learn C++ programming, refer these tutorials in the given order. These tutorials are written for beginners so even if you have no prior knowledge in C++, you won’t face any difficulty understanding these tutorials.",BG,TU,C++,,https://beginnersbook.com/2017/08/c-plus-plus-tutorial-for-beginners/,False,False
True,Learn C++ Programming from scratch,"This guide answers all your questions related to C++ on what is it, when is it used, why is it used and how to get yourself started with it.",BG,TU,C++,,https://www.programiz.com/cpp-programming,False,False
True,Learn to code in C++,,BG,CO,C++,,https://www.sololearn.com/Course/CPlusPlus/,False,False
True,Advanced Topics in Programming Language,,AD,VI,C++,,https://www.youtube.com/watch?v=LQ0n9TQ2gNo,False,False
True,C++ Tutorial by CodingUnit,,BG,TU,C++,,https://www.codingunit.com/category/cplusplus-tutorials,False,False
True,C++ for Programmers,,IT,CO,C++,,https://in.udacity.com/course/c-for-programmers--ud210,False,False
True,Andrzej's C++ blog,,IT,BL,C++,,https://akrzemi1.wordpress.com/,False,False
True,C++ Soup,,AD,BL,C++,,http://www.cplusplus-soup.com/,False,False
True,PHP Tutorial for Beginners,,BG,VI,PHP,Web Development,https://www.youtube.com/watch?v=yMclPkD4sQg&list=PLS1QulWo1RIZc4GM_E04HCPEd_xpcaQgg,False,False
True,Beginner PHP Tutorial,Get a complete knowledge of php programming.Go from Beginner to Pro,BG,VI,"HTML,PHP,SQL","Web Development,Databases",https://www.youtube.com/watch?v=iCUV3iv9xOs&list=PL442FA2C127377F07,False,False
True,PHP For Beginners,PHP Tutorial for Beginners - A simple and short PHP tutorial and complete reference manual for all built-in PHP functions. This tutorial is designed for beginners to advanced developers.,BG,VI,PHP,Web Development,https://www.youtube.com/watch?v=DG0C3Tntl1M,False,False
True,PHP MySQL Web Development,,BG,VI,"HTML,Javascript,PHP,SQL",Web Development,https://www.youtube.com/watch?v=B2WXWed9r60&list=PLFgUdubu2ofhRzns0eaaYB4wKMvxmVCzu&index=12,False,True
True,PHP Tutorial by W3school,,BG,TU,"HTML,Javascript,PHP,SQL",Web Development,https://www.w3schools.com/php/default.asp,False,False
True,PHP Tutorial for Beginners,"The course is geared to make you a PHP pro. Once you digest all basics, the course will help you create your very own Opinion Poll application.",IT,TU,"HTML,PHP,SQL",Web Development,https://www.guru99.com/php-tutorials.html,False,True
True,Learn PHP through Interactive Learning,,BG,OT,PHP,Web Development,https://www.sololearn.com/Course/PHP/,False,False
True,Basic PHP Tutorial ,,BG,TU,PHP,Web Development,http://www.tizag.com/phpT/,False,False
True,Consuming RESTful APIs in PHP with Guzzle,"Guzzle—a PHP HTTP client—provides a simple interface for sending HTTP requests and receiving responses. In this course, learn how to write code using Guzzle to consume RESTful APIs.",AD,CO,PHP,Web Development,https://www.lynda.com/PHP-tutorials/Consuming-RESTful-APIs-PHP-Guzzle/559207-2.html,False,False
True,Become a PHP Master - CMS Project,PHP for Beginners: learn everything you need to become a professional PHP developer with practical exercises & projects.,BG,CO,"HTML,PHP",Web Development,https://www.udemy.com/php-for-complete-beginners-includes-msql-object-oriented/,True,True
True,PHP OOP: Object Oriented Programming,PHP OOP: Learn OOP PHP and Take your skills to another level. Make serious money by building awesome applications.,IT,CO,"HTML,PHP",Web Development,https://www.udemy.com/oop-php-object-oriented-programing-with-project-1-course/,True,True
True,The Complete PHP MySQL Professional Course with 5 Projects,Learn PHP MYSQL by building 5 Projects including PHP Regular Expressions & CMS | Become a Full Stack Back-End Developer.,BG,CO,"HTML,PHP,SQL",Web Development,https://www.udemy.com/the-complete-php-mysql-professional-course/,True,True
True,Build E-Commerce Website in PHP & MySQL From Scratch!,Learn to Create an Online Shopping Store (E-COMMERCE) website in PHP & MySQLi from scratch with Paypal Integration.,IT,CO,"HTML,CSS,Javascript,PHP,SQL",Web Development,https://www.udemy.com/ecommerce-website-in-php-mysqli/,False,True
True,Building a Chat System in AJAX & PHP,"Learn to create a nice chat system using PHP OOP and AJAX, within just one hour take your PHP skills to the next level",IT,CO,"HTML,Javascript,PHP",Web Development,https://www.udemy.com/chat-system-in-php-ajax/,False,True
True,Build CRUD Application - PHP & Mysql,Create Todo list app with pagination,IT,CO,"HTML,PHP",Web Development,https://www.udemy.com/build-crud-application-php-mysql/,False,True
True,Advanced PHP Tutorial,The Advanced PHP Tutorial at LearnVern will help to extend your knowledge about Core PHP and help you become a Pro at PHP.,AD,CO,"HTML,PHP,Javascript",Web Development,http://www.learnvern.com/course/advanced-php-programming,False,False
True,Advanced PHP Concepts,,AD,VI,"HTML,PHP,SQL",Web Development,https://www.youtube.com/watch?v=ZyVQELj0h4k&list=PLxl69kCRkiI2SURbuK5OkEKYZvapbnO5r,False,False
True,Intermediate OOP in PHP,,IT,VI,PHP,Web Development,https://www.youtube.com/watch?v=KHkk6Lf-_xQ,False,False
True,Practical PHP: Master the Basics and Code Dynamic Websites,Code Your Very Own Dynamic Websites by Learning PHP Through Real-World Application & Examples,BG,CO,"HTML,CSS,PHP,SQL",Web Development,https://www.udemy.com/code-dynamic-websites/,False,True
True,R Tutorial For Beginners,This Edureka R Tutorial (R Tutorial Blog: https://goo.gl/mia382) will help you in understanding  the fundamentals of R tool and help you build a strong foundation in R.,BG,VI,R,,https://www.youtube.com/watch?v=eDrhZb2onWY,False,False
True,Learn R and RStudio,"A tutorial on what RStudio is, and why you should download it. RStudio is a free, open source, user interface for R programming language, that makes working with R much easier. RStudio adds functionality to R, includes many menu options, and other ways to keep your work neat and organized.",IT,VI,R,,https://www.youtube.com/watch?v=riONFzJdXcs&list=PLqzoL9-eJTNBDdKgJgJzaQcY6OXmsXAHU,False,False
True,Introduction to Data Science with R - Data Analysis,"In-depth hands-on tutorial introducing the viewer to Data Science with R programming. The video provides end-to-end data science training, including data exploration, data wrangling, data analysis, data visualization, feature engineering, and machine learning.",AD,VI,R,"Data Science,Machine Learning",https://www.youtube.com/watch?v=32o0DnuRjfg,False,False
True,R Programming Tutorial,,BG,VI,R,,https://www.youtube.com/watch?v=s3FozVfd7q4,False,False
True,R tutorial - The True Basics of R,,BG,VI,R,,https://www.youtube.com/watch?v=SWxoJqTqo08&list=PLjgj6kdf_snYBkIsWQYcYtUZiDpam7ygg,False,False
True,R Programming for Advanced Analytics,,AD,VI,R,Data Science,https://www.youtube.com/watch?v=tCjns0EpAo8&list=PLFAYD0dt5xCzTQHDhMPZwBoaAXWeVhZzg,False,False
True,What is R? Introduction To R,This course will teach you to program the R language from the ground up. You will learn everything from the very fundamentals of programming right through to the complexities of charts.,BG,VI,R,Data Science,https://www.youtube.com/watch?v=QRpbQtJsVuY&list=PLgPJX9sVy92wLyuL-rFgbjqCLgXrpIKnc,False,False
True,"Machine Learning,Data Mining,Statistics with R",,AD,VI,R,"Machine Learning,Data Science",https://www.youtube.com/watch?v=RIFQ2nUDsJI&list=PLjPbBibKHH18I0mDb_H4uP3egypHIsvMn,False,False
True,R Programming A-Z™: R For Data Science With Real Exercises!,"Learn Programming In R And R Studio. Data Analytics, Data Science, Statistical Analysis, Packages, Functions, GGPlot2",IT,CO,R,Data Science,https://www.udemy.com/r-programming/,True,False
True,R Programming: Practical and Concise,,BG,CO,R,Data Science,https://www.udemy.com/r-programming-from-a-to-ztm-practical-and-concise/,True,False
True,R Tutorial by W3School,,BG,TU,R,,https://www.w3schools.in/r/,False,False
True,R Basics - R Programming Language Introduction,Learn the essentials of R Programming - R Beginner Level!,BG,CO,R,,https://www.udemy.com/r-basics/,False,False
True,A Complete Tutorial to learn Data Science in R from Scratch,,IT,BL,R,Data Science,https://www.analyticsvidhya.com/blog/2016/02/complete-tutorial-learn-data-science-scratch/,False,False
True,Try R through Interactive Learning,,IT,OT,R,Data Science,http://tryr.codeschool.com/,False,False
True,R Tutorial From Scratch,,BG,TU,R,,https://www.statmethods.net/r-tutorial/index.html,False,False
True,Data Science and Machine Learning Bootcamp with R,Learn how to use the R programming language for data science and machine learning and data visualization!,IT,CO,R,"Machine Learning,Data Science",https://www.udemy.com/data-science-and-machine-learning-bootcamp-with-r/,True,False
True,R Tutorial By Data Flair,,BG,BL,R,,https://data-flair.training/blogs/category/r/,False,False
True,R Programming by Tutorial Gateway,,IT,TU,R,Data Science,https://www.tutorialgateway.org/r-programming/,False,False
True,R Programming Blog,,IT,BL,R,Data Science,https://rprogrammingblog.wordpress.com/,False,False
True,Advanced R programming,,,AD,BL,R,http://rprogramming.net/blog/,False,False
True,Introduction to R for Data Science,"This introduction to R programming course will help you master the basics of R. In seven sections, you will cover its basic syntax, making you ready to undertake your own first data analysis using R.",IT,CO,R,Data Science,https://www.edx.org/course/introduction-to-r-for-data-science,False,False
True,R programming in detail,In this course you will learn how to program in R and how to use R for effective data analysis.,BG,CO,R,Data Science,https://www.coursera.org/learn/r-programming,False,False
True,Learn Ruby Programming in One Video,Derek Banas Explains Fundamental Concepts of Ruby in One Video,BG,VI,Ruby,,https://www.youtube.com/watch?v=Dji9ALCgfpM,False,False
True,Ruby Programming Tutorial by thenewboston,,BG,VI,Ruby,,https://www.youtube.com/watch?v=WJlfVjGt6Hg&list=PL1512BD72E7C9FFCA,False,False
True,Ruby Tutorial for Beginners,Learn Ruby from Scratch through this amazing Playlist,BG,VI,Ruby,,https://www.youtube.com/watch?v=SHzeVBrW_rA&list=PLlxmoA0rQ-Lx45j3D6da7-Iqvo5wtjKBm,False,False
True,Learn Ruby On Rails,Learn Ruby on Rails with ease. Ruby on Rails forms the backend of new websites and Web apps. Once mastered you will be able to create systems and websites similar to ones using them.,IT,VI,"HTML,CSS,Ruby",Web Development,https://www.youtube.com/watch?v=exEduZlJS7Q&list=PLDmvslp_VR0xlwr5lAx2PDsZLu7oIOhpX,False,False
True,Learn to Code with Ruby,A comprehensive introduction to coding with the Ruby programming language. Complete beginners welcome!,BG,CO,Ruby,,https://www.udemy.com/learn-to-code-with-ruby-lang/,True,False
True,"Ruby on Rails Tutorial Introduction, Rails Project, Github",A Great Way to Learn Ruby On Rails by building project and using essential tools like Github,AD,VI,"HTML,CSS,Javascript,Ruby",Web Development,https://www.youtube.com/watch?v=nRxBY6dbOPA&list=PLw3DVCAvDGUtrWrm0s2zxnbrgzkG5YAfF,False,True
True,The Complete Ruby on Rails Developer Course,Learn to make innovative web apps with Ruby on Rails 4 & 5 and unleash your creativity,BG,CO,Ruby,Web Development,https://www.udemy.com/the-complete-ruby-on-rails-developer-course/,True,True
True,Ruby for Absolute Beginners!,Ruby Tutorial for Absolute Beginners. Learn Ruby For Free. Go from Beginner to Expert in Ruby.,BG,CO,Ruby,,https://www.udemy.com/ruby-for-absolute-beginners/,False,False
True,8 Beautiful Ruby on Rails,"Lookalikes of Instagram, Tumblr, TaskRabbit, etc, w/ fundamentals of Rails",IT,CO,"HTML,CSS,Ruby",,https://www.udemy.com/8-beautiful-ruby-on-rails-apps-in-30-days/,False,True
True,Building a Ruby on Rails Application with Neo4j,Learn how to build a Ruby on Rails application with a Neo4j backend from scratch and develop your data model,IT,CO,Ruby,,https://www.udemy.com/building-a-ruby-on-rails-application-with-neo4j/,False,False
True,Angular 2 + Rails 5 Bootcamp,Learn how to build a real world Angular 2 application that utilizes multiple Ruby on Rails apps for backend data APIs.,IT,CO,"HTML,CSS,Javascript,Ruby",Web development,https://www.udemy.com/angular-on-rails-course/#instructor,True,True
True,Ruby Tutorial for Complete Beginners by Tutorial Point,This tutorial has been prepared for beginners to help them understand the basic to advanced concepts related to Ruby Scripting languages.,BG,TU,Ruby,,https://www.tutorialspoint.com/ruby/index.htm,False,False
True,Introduction to Programming with Ruby,"Learn the basic foundational building blocks of programming, starting from the very beginning. Existing developers will be able to quickly pick up Ruby syntax, while new programmers will enjoy a smooth introduction to programming concepts.",BG,OT,Ruby,,https://launchschool.com/books/ruby,False,False
True,Learn Ruby through Interactive Learning,,BG,OT,Ruby,,https://www.codecademy.com/en/tracks/ruby,False,False
True,Ruby Tutorial by rubylearning,,BG,TU,Ruby,,http://rubylearning.com/satishtalim/tutorial.html,False,False
True,The Ultimate Intermediate Ruby on Rails Tutorial: Let’s Create an Entire App!,An informative Tutorial from freecodecamp going from basics to advance topics by creating an entire app ,IT,TU,"HTML,CSS,Javascript,Ruby",,https://medium.freecodecamp.org/lets-create-an-intermediate-level-ruby-on-rails-application-d7c6e997c63f,False,True
True,Advanced Ruby Programming: 10 Steps to Mastery,Take your Ruby programming to the next level with Huw Collingbourne's simple guide to advanced Ruby coding.,AD,CO,Ruby,,https://www.udemy.com/expert-ruby-programming-ten-steps-to-mastery/,True,False
True,Ruby Best Practices,Increase Your Productivity - Write Better Code by following this amazing book,IT,OT,Ruby,,http://shop.oreilly.com/product/9780596523015.do,True,False
True,Learning Ruby: Expert Advice for Intermediate Developers,Some Word of Advice from Experts to Intermediate Ruby Developers,IT,BL,Ruby,,https://mashable.com/2011/01/19/ruby-developer-advice-intermediate/#ArhZKWMt4qqy,False,False
True,Ruby on Rails Web Development Specialization,Become a Rails Developer. Create modern full-stack web applications in five courses.,IT,CO,"HTML,CSS,Javascript,Ruby",,https://www.coursera.org/specializations/ruby-on-rails,True,True
True,Advanced Ruby Concepts,,AD,BL,Ruby,,http://www.grandmaster.nu/blog/?page_id=95,False,False
True,Learn Ruby the Hard Way,,BG,OT,Ruby,,https://learnrubythehardway.org/book/,False,False
True,Advanced Topics on Ruby on Rails,,AD,BL,Ruby,,https://www.theodinproject.com/courses/ruby-on-rails/lessons/advanced-topics,False,False
True,Advanced Concepts in Ruby on Rails Hosting,,AD,BL,Ruby,,https://jlaine.net/2007/07/03/advanced-concepts-in-ruby-on-rails-hosting/,False,False
True,Advanced Ruby Class Design,,AD,VI,Ruby,,https://www.youtube.com/watch?v=vwBpTgdZBDk,False,False
True,Building Rails app with Wistia and Heroku for Newbies,"In this project, you will walk through steps of how to create a simple online education web application.",BG,CO,"HTML,CSS,Ruby",,https://www.udemy.com/building-rails-app-with-wistia-and-heroku-for-newbies/,False,True
True,C# Tutorial for Beginners,"Master the fundamentals of C# and .NET using this simple, pragmatic and step-by-step tutorial.",BG,VI,C#,,https://www.youtube.com/watch?v=gfkTfcpWqAY,False,False
True,Learn C# from scratch,,BG,VI,C#,,https://www.youtube.com/watch?v=SXmVym6L8dw&list=PLAC325451207E3105,False,False
True,Learn C# In One Video,This C# tutorial is about C# from beginning to end for beginners. All of the separate C# tutorials have been concatenated and put in this one C# tutorial series in order to make it convenient for you to learn.,BG,VI,C#,,https://www.youtube.com/watch?v=DNA-SMurT10,False,False
True,C# Beginner Tutorial by thenewboston,,BG,VI,C#,,https://www.youtube.com/watch?v=x_9lfHjYtVg&list=PL0EE421AE8BCEBA4A,False,False
True,C# Tutorial by Derek Banas,,BG,VI,C#,,https://www.youtube.com/watch?v=0p0JLFZj2C8&list=PLGLfVvz_LVvRX6xK1oi0reKci6ignjdSa,False,False
True,"C# Intermediate: Classes, Interfaces and OOP","An in-depth, step-by-step guide to classes, interfaces and object-oriented programming (OOP) with C#",IT,CO,C#,,https://www.udemy.com/csharp-intermediate-classes-interfaces-and-oop/,True,False
True,C# Programming for Beginners:Practical Applications Approach,ntroducing Teens and Beginners to Programming Winforms in C#. More videos and practice exercises than any Intro course,BG,CO,C#,,https://www.udemy.com/c-programming-a-practical-applications-approach/,True,False
True,Basics of Object Oriented Programming with C#,"This course will introduce you to the Basics of OOP with C#, followed by a Project to Practice - Warrior Wars!",IT,CO,C#,,https://www.udemy.com/basics-of-object-oriented-programming-with-csharp/,False,True
True,C# Tutorial by the Tutorial Point,This tutorial has been prepared for the beginners to help them understand basic C# programming.,BG,TU,C#,,https://www.tutorialspoint.com/csharp/index.htm,False,False
True,Complete C# Tutorials for Beginners,,BG,TU,C#,,https://www.completecsharptutorial.com/basic/,False,False
True,C# for Beginners and Professionals,These tutorials are designed for beginners and professionals who want to learn C# step-by-step.,BG,TU,C#,,http://www.tutorialsteacher.com/csharp/csharp-tutorials,False,False
True,C# Advanced Topics: Take Your C# Skills to the Next Level,"The advanced C# constructs that every C# coder must know: Events, Delegates, Lambda Expressions, LINQ, Async and more",AD,CO,C#,,https://www.udemy.com/csharp-advanced/,True,False
True,Learn C# through Interactive Learning,,BG,OT,C#,,https://learncs.org/,False,False
True,Learn C# ,,BG,CO,C#,,https://www.lynda.com/C-tutorials/Up-Running-C/164452-2.html,False,False
True,C# with .Net Complete Programming Tutorial,,IT,VI,C#,,https://www.youtube.com/watch?v=UkVG9xmRWlQ&list=PLQnX0XoCS0ILECZtv26EGt2LrmLKWnZ8Q,False,False
True,Unity C# Intermediate,In this new series you will learn the Intermediate level of programming that will help you create aspiring projects! Learn by doing in this insanely creative and interactive series!,IT,VI,C#,,https://www.youtube.com/watch?v=MCrEhTHklsQ&list=PLadYLGMfR6Lpvh3xX3a7LXbqJqY_WjIk7,False,False
True,Intermediate C# Tutorials,,IT,TU,C#,,http://rbwhitaker.wikidot.com/c-sharp-intermediate-tutorials,False,False
True,Advanced C# Concepts,,AD,BL,C#,,http://csharphelper.com/blog/,False,False
True,C# for Algorithms,Learning to Implement Various Standard Algorithms using C#,AD,BL,C#,Data Structures and Algorithm,http://www.csharpstar.com/,False,False
True,C# Related Articles,,IT,BL,C#,,https://www.c-sharpcorner.com/technologies/csharp-programming,False,False
True,Android Tutorial for Beginners,,BG,VI,,App Development,https://www.youtube.com/watch?v=EknEIzswvC0&list=PLS1QulWo1RIbb1cYyzZpLFCKvdYV_yJ-E,False,False
True,The Complete Android N Developer Course,"Learn Android App Development with Android 7 Nougat by building real apps including Uber, Whatsapp and Instagram!",BG,CO,Java,App Development,https://www.udemy.com/complete-android-n-developer-course/,True,True
True,The Complete Android & Java Developer Course - Build 21 Apps,"Learn Android Development, Java & Android Studio from Scratch in 5 Weeks. Build Whatsapp Clone, Diary App & more",BG,CO,Java,App Development,https://www.udemy.com/complete-android-developer-course/,True,True
True,Kotlin Android Development Masterclass - With Android Oreo,"Learn Kotlin 1.2, Android Development, Android Studio & IntelliJ IDEA from Scratch. Build Android Apps in Kotlin.",IT,CO,Kotlin,App Development,https://www.udemy.com/kotlin-android-developer-masterclass/,True,True
True,Become an Android Developer from Scratch,Simply the best place to start learning Android Development from scratch,IT,CO,,App Development,https://www.udemy.com/become-an-android-developer-from-scratch/,False,True
True,Learn Android Application Development,A beginner course on Android Application development,BG,CO,Java,App Development,https://www.udemy.com/learn-android-application-development-y/,False,True
True,Android Development Tutorial | Creating a Voter App,,IT,VI,,App Development,https://www.youtube.com/watch?v=YrPDbxkfXoI,False,False
True,iOS 11 & Swift 4 - The Complete iOS App Development Bootcamp,Learn iOS 11 App Development From Beginning to End. Using Xcode 9 and Swift 4. Includes Full ARKit and CoreML Modules!,BG,CO,Swift,App Development,https://www.udemy.com/ios-11-app-development-bootcamp/,True,True
True,iOS 10 & Swift 3: From Beginner to Paid Professional™,The most comprehensive course on iOS development - become a master of app development,BG,CO,Swift,App Development,https://www.udemy.com/devslopes-ios10/,True,True
True,Android Development by Derek Banas,,IT,VI,,App Development,https://www.youtube.com/watch?v=boj0f_O3i88&list=PLGLfVvz_LVvQUjiCc8lUT9aO0GsWA4uNe,False,False
True,Android App Development by thenewboston,,IT,VI,,App Development,https://www.youtube.com/watch?v=QAbQgLGKd3Y&list=PL6gx4Cwl9DGBsvRxJJOzG4r4k_zLKrnxl,False,False
True,ios Development with Swift,,AD,VI,,App Development,https://www.youtube.com/watch?v=cWSF8Opr_b0&list=PLWBrqglnjNl2RTk1GL89DmMtRfjvxGisz,False,False
True,Android Development Tutorial,,IT,BL,,App Development,http://www.vogella.com/tutorials/Android/article.html,False,False
True,React Native Crash Course,,AD,VI,,App Development,https://www.youtube.com/watch?v=mkualZPRZCs,False,False
True,Android Development Tutorials for Intermediate,,IT,TU,,App Development,https://www.raywenderlich.com/category/android,False,False
True,The Complete React Native and Redux Course,iOS and Android App Development from scratch - build full React Native mobile apps ridiculously fast!,AD,CO,Javascript,App Development,https://www.udemy.com/the-complete-react-native-and-redux-course/,True,True
True,React Native - The Practical Guide,Use React Native and your React knowledge and take your web development skills to build native iOS and Android Apps,AD,CO,Javascript,App Development,https://www.udemy.com/react-native-the-practical-guide/,True,True
True,Build your first React Native app,,AD,VI,Javascript,App Development,https://www.youtube.com/watch?v=1tgWuND9Vfg&list=PLWBrqglnjNl2yaCcp0HEAWp6zBIfingZ-,False,False
True,The Complete Node.js Developer Course,"Learn Node.js by building real-world applications with Node, Express, MongoDB, Mocha, and more!",IT,CO,Javascript,Web Development,https://www.udemy.com/the-complete-nodejs-developer-course-2/,True,True
True,"Become a JavaScript developer - Learn (React, Node,Angular)",Learn Hands-on Practical JavaScript Development with : JavaScript|React|Node|Angular,IT,CO,"HTML,CSS,Javascript",Web Development,https://www.udemy.com/become-a-javascript-developer-learn-react-nodeangular/,True,True
True,Build Social Networking website From Scratch Using Node.js,,AD,CO,Javascript,Web Development,https://www.udemy.com/build-social-networking-website-from-scratch-using-nodejs/,False,True
True,Creating a REST API with Node.js,,AD,VI,Javascript,Web Development,https://www.youtube.com/watch?v=0oXYLzuucwE&list=PL55RiY5tL51q4D-B63KBnygU6opNPFk_q,False,False
True,Nodejs in One Hour,,IT,VI,Javascript,Web Development,https://www.youtube.com/watch?v=TlB_eWDSMt4,False,False
True,Project Using Nodejs,,IT,VI,Javascript,Web Development,https://www.youtube.com/watch?v=kHwgldNz3n8&list=PLx9YLpPjw0mgbAMF1T4pZY_4tLee-uOyC,False,True
True,Bot with Python Using AI,,AD,VI,Python,Artificial Intelligence,https://www.youtube.com/watch?v=m2w_FCba8TY&list=PLnNF__MXrUQy7Stv8sc4U7pyjf7oNk0tl,False,True
True,Practical Machine Learning Tutorial with Python,"The objective of this course is to give you a holistic understanding of machine learning, covering theory, application, and inner workings of supervised, unsupervised, and deep learning algorithms.",AD,VI,Python,Machine Learning,https://www.youtube.com/watch?v=OGxgnH8y2NM&list=PLQVvvaa0QuDfKTOs3Keq_kaG2P55YRn5v,False,False
True,Complete Artificial Intelligence Masterclass,,BG,VI,,Artificial Intelligence,https://www.youtube.com/watch?v=mkBM4jvrhzk&list=PLAwxTw4SYaPlqMkzr4xyuD6cXTIgPuzgn,False,False
True,Artificial Intelligence with Python - Sequence Learning,Enter and explore the fascinating world of intelligent apps with Artificial Intelligence with Python.,AD,VI,Python,Artificial Intelligence,https://www.youtube.com/watch?v=GsAVf3fn3yM,False,False
True,Artificial Intelligence: Learn How To Build An AI,"Combine the power of Data Science, Machine Learning and Deep Learning to create powerful AI for Real-World applications!",AD,CO,,"Artificial Intelligence,Machine Learning",https://www.udemy.com/artificial-intelligence-az/,True,True
True,"Artificial Intelligence,Data Science, & Machine Learning with Python","Go hands-on with the neural network, artificial intelligence, and machine learning techniques employers are seeking!",IT,CO,Python,"Artificial Intelligence,Data Science,Machine Learning",https://www.udemy.com/data-science-and-machine-learning-with-python-hands-on/,True,False
True,Artificial Intelligence: The Numpy Stack in Python,"The Numpy, Scipy, Pandas, and Matplotlib stack: prep for deep learning, machine learning, and artificial intelligence",AD,CO,Python,"Artificial Intelligence,Machine Learning",https://www.udemy.com/deep-learning-prerequisites-the-numpy-stack-in-python/,False,False
True,Artificial Intelligence Tutorial,This tutorial is prepared for the students at beginner level who aspire to learn Artificial Intelligence.,BG,TU,,Artificial Intelligence,https://www.tutorialspoint.com/artificial_intelligence/index.htm,False,False
True,Welcome to the World Of Artificial Intelligence and Machine Learning,,BG,CO,,"Artificial Intelligence,Machine Learning",https://www.edx.org/course/artificial-intelligence-ai-columbiax-csmm-101x-0?source=aw&awc=6798_1522356667_bcc5b5ae01d3f816929cd263161e7ba8&utm_source=aw&utm_medium=affiliate_partner&utm_content=text-link&utm_term=428263_Hackr.io,False,False
True,Complete Python Bootcamp: Go from zero to hero in Python 3,Learn Python like a Professional! Start from the basics and go all the way to creating your own applications and games!,BG,CO,Python,,https://www.udemy.com/complete-python-bootcamp/,True,True
True,Complete Python Masterclass,Python 3 is the in-demand programming language used extensively by Google. Master Python 3 and you’ll be in demand too!,BG,CO,Python,,https://www.udemy.com/python-the-complete-python-developer-course/,True,True
True,Python and Django Full Stack Web Developer Bootcamp,"Learn to build websites with HTML , CSS , Bootstrap , Javascript , jQuery , Python 3 , and Django!",BG,CO,"HTML,CSS,Javascript,Python",Web Development,https://www.udemy.com/python-and-django-full-stack-web-developer-bootcamp/,True,True
True,Artificial intelligence Tutorials and Insights,"Learn about the latest trends in Artificial intelligence. Read tutorials, posts, and insights from top Artificial intelligence experts and developers for free.",IT,BL,,Artificial Intelligence,https://www.codementor.io/community/topic/artificial-intelligence,False,False
True,Machine Learning Recipes,,AD,VI,Python,Machine Learning,https://www.youtube.com/watch?v=cKxRvEZd3Mw&list=PLOU2XLYxmsIIuiBfYad6rFYQU_jL2ryal&index=7,False,False
True,Machine Learning with Text in scikit-learn,"In this tutorial, we'll build and evaluate predictive models from real-world text using scikit-learn.",AD,VI,Python,Machine Learning,https://www.youtube.com/watch?v=ZiKMIuYidY0,False,False
True,Artificial Intelligence: Path Finding,In this first tutorial we are going to learn about path finding in AI using Nodejs,AD,TU,Javascript,Artificial Intelligence,https://code.tutsplus.com/tutorials/artificial-intelligence-series-part-1-path-finding--active-4439,False,False
True,A Beginners guide for Machine Learning,"Simple, plain-English explanations accompanied by math, code, and real-world examples.",BG,BL,,Machine Learning,https://medium.com/machine-learning-for-humans/why-machine-learning-matters-6164faf1df12,False,False
True,Practical Artificial Intelligence Programming With Java,,AD,OT,Java,Artificial Intelligence,https://www.saylor.org/site/wp-content/uploads/2011/11/CS405-1.1-WATSON.pdf,False,False
True,Machine learning for Java developers,Set up a machine learning algorithm and develop your first prediction function in Java,AD,BL,Java,Machine Learning,https://www.javaworld.com/article/3224505/application-development/machine-learning-for-java-developers.html,False,False
True,Hibernate Tutorial for Java Programmers,This tutorial is designed for all those Java programmers who would like to understand the Hibernate framework and its API.,IT,TU,Java,Databases,https://www.tutorialspoint.com/hibernate/index.htm,False,False
True,Introduction to Hibernate 5,,IT,VI,Java,Databases,https://www.youtube.com/watch?v=bMvqaCP0PDo&list=PLzS3AYzXBoj_o6sOu2CUnnSEk1e8Sb1op,False,False
True,Hibernate for beginners,,IT,VI,Java,Databases,https://www.youtube.com/watch?v=Yv2xctJxE-w&list=PL4AFF701184976B25,False,False
True,Data Structures and Algorithms: Deep Dive Using Java,"Learn about Arrays, Linked Lists, Trees, Hashtables, Stacks, Queues, Heaps, Sort algorithms and Search algorithms",IT,CO,Java,Data Structures and Algorithms,https://www.udemy.com/data-structures-and-algorithms-deep-dive-using-java/,True,False
True,"Python for Data Structures, Algorithms, and Interviews!",Get a kick start on your career and ace your coding interviews!,IT,CO,Python,Data Structures and Algorithms,https://www.udemy.com/python-for-data-structures-algorithms-and-interviews/,True,False
True,Data Structures & Algorithms,,IT,CO,Java,Data Structures and Algorithms,https://www.udemy.com/learn-data-structure-algorithms-with-java-interview/,False,False
True,Data Structures With C Programming,,BG,VI,C,Data Structures and Algorithms,https://www.youtube.com/watch?v=5eQOeA5BPeY&list=PLEJxKK7AcSEHYGhDJG9rNld2lju_fPSbt,False,False
True,Data Structure and Algorithms Tutorial,This tutorial is designed for Computer Science graduates as well as Software Professionals who are willing to learn data structures and algorithm programming in simple and easy steps.,IT,TU,C,Data Structures and Algorithms,https://www.tutorialspoint.com/data_structures_algorithms/index.htm,False,False
True,Complete Data Structures and Algorithms Tutorial,,BG,TU,,Data Structures and Algorithms,https://www.programiz.com/dsa,False,False
True,Introduction To Data Structure,,BG,TU,,Data Structures and Algorithms,https://www.w3schools.in/data-structures-tutorial/intro/,False,False
True,Data Structures and Algorithms Specialization,Master Algorithmic Programming Techniques. Learn algorithms through programming and advance your software engineering or data science career,IT,CO,,Data Structures and Algorithms,https://www.coursera.org/specializations/data-structures-algorithms,False,False
True,Complete Data Structures Tutorial,,IT,VI,C,Data Structures and Algorithms,https://www.youtube.com/watch?v=5uTQz43k4gg&list=PLsFNQxKNzefJNztGGoQC-59UhSwIaiIW3,False,False
True,Beginners Guide To Data Structure,,BG,BL,,Data Structures and Algorithms,https://www.topcoder.com/community/data-science/data-science-tutorials/data-structures/,False,False
True,CSS Tutorial by Tutorial Point,This tutorial will help both students as well as professionals who want to make their websites or personal blogs more attractive.,BG,TU,"HTML,CSS",Web Development,https://www.tutorialspoint.com/css/index.htm,False,False
True,CSS Tutorial by W3school,,BG,TU,"HTML,CSS",Web Development,https://www.w3schools.com/css/css_intro.asp,False,False
True,CSS Tutorial for Beginners,,BG,VI,"HTML,CSS",Web Development,https://www.youtube.com/watch?v=qKoajPPWpmo&list=PLr6-GrHUlVf8JIgLcu3sHigvQjTw_aC9C,False,False
True,HTML and CSS for Beginners - Build a Website & Launch ONLINE,HTML and CSS for Beginners course will give your all the knowledge you need to master HTML and CSS easily and quickly.,BG,CO,"HTML,CSS",Web Development,https://www.udemy.com/html-and-css-for-beginners-crash-course-learn-fast-easy/,False,True
True,React JS Training Series,,IT,VI,Javascript,Web Development,https://www.youtube.com/watch?v=7hcfHyG0Inw&list=PLIGDNOJWiL1_2CpDKGg4-jNPqoirutxc5,False,False
True,React 16 - The Complete Guide (incl. React Router 4 & Redux),"Dive in and learn React from scratch! Learn Reactjs, Redux, React Routing, Animations, Next.js basics and way more!",IT,CO,Javascript,Web Development,https://www.udemy.com/react-the-complete-guide-incl-redux/,True,True
True,What is Bootstrap,"Bootstrap is a free, open-source and is the most popular HTML, CSS, and JavaScript framework developed by twitter for creating responsive web applications.",IT,VI,"HTML,CSS",Web Development,https://www.youtube.com/watch?v=314m7YBRFvQ&list=PL6n9fhu94yhXd4xnk-j5FGhHjUv1LsF0V,False,False
True,Bootstrap Tutorial,This tutorial has been prepared for anyone who has a basic knowledge of HTML and CSS and has an urge to develop websites. After completing this tutorial you will find yourself at a moderate level of expertise in developing web projects using Twitter Bootstrap.,IT,TU,"HTML,CSS",Web Development,https://www.tutorialspoint.com/bootstrap/index.htm,False,False
True,Complete Bootstrap 4 course - build 3 projects,A complete Bootstrap 4 course for beginners. Master Bootstrap 4 basics with 3 projects,IT,CO,"HTML,CSS",Web Development,https://www.udemy.com/bootstrap-4-tutorials/,False,True
